ID,1986,1987,1988,1989,1990,1991,1992,1993,1994,1995,1996,1997,1998,1999,2000,2001,2002,2003,2004,2005,2006,2007,2008,2009,2010,2011,2012,2013,2014,2015,2016,2017,2018,2019
CC-109-CTLP,252.2083334,11.80833335,173.1583334,28.55833335,210.3083334,-21.975,-4.29166665,175.425,0.14166665,314.4916667,-13.79166665,20.475,-74.275,-314.6583334,-269.9083334,-81.69166665,-1.30833335,-165.8416667,-478.0583334,-572.1416667,-735.2916667,-725.2583334,-572.9416667,-540.575,-480.2916667,177.425,-177.425,-229.6583334,-1263.425,-1707.041667,-1251.575,-1622.758333,-1265.825,-1172.575
CC-109B-CTLP,86.20833335,-209.1916667,53.15833335,116.5583334,180.3083334,-0.975,73.70833335,209.425,96.14166665,206.4916667,-59.79166665,48.475,18.725,-266.6583334,-111.9083334,-95.69166665,46.69166665,-150.8416667,-584.0583334,-387.1416667,-605.2916667,-683.2583334,-530.9416667,-452.575,-351.2916667,135.425,-135.425,-250.6583334,-1413.425,-1744.041667,-1425.575,-1799.758333,-1433.825,-1037.575
CC-41-CTLP,-426.2916667,238.3083334,188.6583334,335.0583334,364.8083334,316.525,513.2083334,392.925,278.6416667,563.9916667,-65.29166665,206.975,198.225,200.8416667,101.5916667,-1.19166665,-113.8083334,-148.3416667,-168.5583334,-249.6416667,-568.7916667,-480.7583334,-455.4416667,-369.075,-296.7916667,213.925,-213.925,-21.15833335,-858.925,-1075.541667,-1044.075,-1005.258333,-982.325,-547.075
CC-41B-CTLP,-699.4583337,181.1416664,166.1583334,242.5583334,352.9750004,404.691667,453.3750004,399.091667,244.1416667,578.8249997,-111.7916667,271.808333,289.391667,119.0083337,188.0916667,-27.02499965,-172.3083334,-253.5083337,-256.7250004,-353.4749997,-726.2916667,-659.5916663,-496.6083337,-305.241667,-399.2916667,220.425,-220.425,-69.32500035,-967.758333,-894.3749996,-721.908333,-715.0916663,-905.158333,-500.241667
CC-98-CTLP,178.3749994,273.9749994,231.3249994,133.7249994,335.8083333,-72.475,151.5416664,274.258333,188.9749997,354.3249997,43.70833335,171.641666,213.225,-37.15833335,-55.07500035,-101.1916667,-52.14166735,-193.6750007,-529.2250004,-190.3083337,-488.1250007,-573.0916674,-436.4416667,-369.075,-212.1250007,143.925,-143.925,-300.4916674,-1330.591667,-1465.208334,-924.075,-1419.925,-968.325,-551.741667
CC-98B-CTLP,381.2083334,120.8083334,219.1583334,68.55833335,350.3083334,-141.975,141.7083334,269.425,156.1416667,301.4916667,37.20833335,103.475,158.725,-86.65833335,-95.90833335,-130.6916667,-158.3083334,-161.8416667,-520.0583334,-216.1416667,-481.2916667,-585.2583334,-444.9416667,-344.575,-360.2916667,154.425,-154.425,-321.6583334,-1399.425,-1694.041667,-1386.575,-1613.758333,-1206.825,-768.575
CP-22-CTLP,53.87499985,47.80833385,197.1583339,-46.77500015,252.3083339,259.6916665,-20.62500015,81.7583335,-80.52499985,252.1583332,85.54166685,68.4750005,1.0583335,-331.3249999,-135.9083329,-168.6916662,67.02500015,-268.5083332,-667.3916669,-655.4750002,-468.6250002,259.7416672,251.3916669,84.7583335,-235.9583332,57.0916665,-57.0916665,-173.6583329,-1139.758334,-1738.041666,-998.2416665,-1210.425,-769.1583335,-1039.908334
CP-22B-CTLP,282.2083334,96.80833335,259.1583334,-3.44166665,295.3083334,315.025,173.7083334,220.425,-89.85833335,329.4916667,100.2083334,76.475,-19.275,-226.6583334,-247.9083334,-233.6916667,64.69166665,-169.8416667,-606.0583334,-521.1416667,-509.2916667,79.74166665,93.05833335,21.425,-181.2916667,92.425,-92.425,-50.65833335,-1053.425,-1574.041667,-1132.575,-1060.758333,-799.825,-859.575
CP-24-CTLP,207.2083334,245.8083334,304.1583334,46.55833335,326.3083334,382.025,203.7083334,184.425,23.14166665,333.4916667,191.2083334,132.475,212.725,-252.6583334,-64.90833335,8.30833335,214.6916667,-150.8416667,-556.0583334,-628.1416667,-478.2916667,230.7416667,362.0583334,267.425,-125.2916667,48.425,-48.425,-41.65833335,-1075.425,-1733.041667,-991.575,-954.7583334,-703.825,-631.575
CP-24B-CTLP,-394.2916662,-511.0250002,-558.0083332,-633.6083332,-515.1916661,-488.1416665,-485.4583332,168.9250005,-150.6916669,314.9916672,103.3749999,-20.0249995,13.2250005,-270.4916669,-284.0749999,-170.5250002,83.85833315,-156.3416662,-637.5583329,-741.9750002,-599.7916662,79.24166715,321.8916669,197.5916665,-263.7916662,108.5916665,-108.5916665,-16.49166685,-1151.925,-1729.875,-1273.075,-1072.258333,-1104.325,-780.0749995
CP-28-CTLP,-4.29166665,-29.69166665,9.65833335,3.05833335,113.8083334,94.525,79.20833335,54.925,-47.35833335,116.9916667,78.70833335,107.975,-202.775,-383.1583334,-255.4083334,-136.1916667,-18.80833335,-283.3416667,-588.5583334,-430.6416667,-382.7916667,176.2416667,339.5583334,133.925,-117.7916667,31.925,-31.925,-153.1583334,-1218.925,-1514.541667,-1022.075,-834.2583334,-510.325,-570.075
CP-28B-CTLP,67.70833335,-61.69166665,64.65833335,-102.9416667,72.80833335,119.525,-17.79166665,-7.075,-153.3583334,121.9916667,3.70833335,-7.025,-79.775,-81.15833335,-365.4083334,-215.1916667,-76.80833335,-256.3416667,-598.5583334,-456.6416667,-463.7916667,49.24166665,334.5583334,44.925,-138.7916667,94.925,-94.925,-181.1583334,-1287.925,-1696.541667,-1133.075,-1068.258333,-708.325,-778.075
DL-29-CTLP,-459.7916667,-636.1916667,-502.8416667,-703.4416667,-512.6916667,-501.975,-509.2916667,376.425,191.1416667,487.4916667,179.2083334,15.475,-15.275,-251.6583334,-145.9083334,-231.6916667,16.69166665,-295.8416667,-450.0583334,-375.1416667,-420.2916667,-216.2583334,-277.9416667,-117.575,-308.2916667,134.425,-134.425,123.3416667,-863.425,-1373.041667,-1400.575,-1008.758333,-1135.825,-969.575
DL-29B-CTLP,-380.2916667,-627.6916667,-626.3416667,-732.9416667,-580.1916667,-665.475,-642.7916667,159.925,23.64166665,424.9916667,105.7083334,41.975,-1.775,-345.1583334,-177.4083334,-112.1916667,-97.80833335,-377.3416667,-485.5583334,-555.6416667,-380.7916667,-315.7583334,-253.4416667,-135.075,-385.7916667,142.925,-142.925,131.8416667,-935.925,-1333.541667,-930.075,-886.2583334,-749.325,-437.075
DL-56-CTLP,278.2083334,-16.19166665,167.1583334,28.55833335,232.3083334,206.025,190.7083334,100.425,69.14166665,308.4916667,66.20833335,11.475,-3.275,-306.6583334,-193.9083334,-99.69166665,-88.30833335,-277.8416667,-490.0583334,-375.1416667,-379.2916667,86.74166665,32.05833335,26.425,-213.2916667,46.425,-46.425,-74.65833335,-966.425,-1473.041667,-1077.575,-1128.758333,-1142.825,-1017.575
DL-56B-CTLP,232.7083334,42.30833335,138.6583334,-5.94166665,117.8083334,262.525,230.2083334,119.925,35.64166665,405.9916667,111.7083334,0.975,129.225,-368.1583334,-93.40833335,-117.1916667,-37.80833335,-278.3416667,-505.5583334,-378.6416667,-402.7916667,105.2416667,19.55833335,81.925,-228.7916667,28.925,-28.925,-57.15833335,-946.925,-1401.541667,-1085.075,-1181.258333,-963.325,-982.075
EF-68-CTLP,-858.9583337,-1066.691667,-983.6749997,-1134.608334,-936.5249997,-837.808333,-906.1249997,-119.408333,-306.3583334,97.65833365,-261.9583337,-79.358333,-260.775,-413.4916664,-445.4083334,-407.1916667,-253.4750004,-339.3416667,-773.5583334,-570.6416667,-552.1249997,-186.7583334,-137.7749997,-202.075,-311.1249997,46.258333,-46.258333,2.50833365,-771.591667,-1182.541667,-795.741667,-1066.925,-1004.991667,-827.408333
EF-68B-CTLP,-847.2916667,-1089.691667,-978.3416667,-1179.941667,-972.1916667,-842.475,-876.7916667,-241.075,-421.3583334,29.99166665,-302.2916667,-177.025,-199.775,-385.1583334,-414.4083334,-445.1916667,-289.8083334,-321.3416667,-687.5583334,-506.6416667,-630.7916667,-180.7583334,-104.4416667,-209.075,-199.7916667,74.925,-74.925,39.84166665,-1103.925,-1438.541667,-655.075,-1012.258333,-1306.325,-706.075
ES-16-CTLP,213.7083334,3.30833335,179.6583334,-187.9416667,325.8083334,260.525,34.20833335,75.925,232.6416667,502.9916667,94.70833335,291.975,194.225,-79.15833335,-58.40833335,-176.1916667,183.1916667,-137.3416667,-644.5583334,-410.6416667,-423.7916667,43.24166665,-45.44166665,23.925,-36.79166665,160.925,-160.925,63.84166665,-817.925,-1164.541667,-430.075,-727.2583334,-497.325,-240.075
ES-19-CTLP,-653.2916671,-887.3583332,-806.0083332,-1013.941667,-717.5250002,-691.8083335,-809.4583331,53.9249995,-62.35833385,275.6583332,-113.6250001,79.6416665,10.8916665,-251.4916669,-280.0749999,-296.8583332,8.19166615,-223.6750002,-569.2249999,-348.6416672,-374.1250001,96.90833315,-5.77500015,21.5916665,-107.1250001,51.5916665,-51.5916665,110.1750002,-760.2583335,-1183.208333,-666.4083335,-841.9249998,-697.9916665,-430.4083335
ES-3-CTLP,585.2083334,247.8083334,228.1583334,163.5583334,372.3083334,367.025,238.7083334,203.425,144.1416667,517.4916667,-11.79166665,58.475,80.725,-232.6583334,-183.9083334,-132.6916667,-1.30833335,-170.8416667,-530.0583334,-451.1416667,-654.2916667,-456.2583334,-243.9416667,-309.575,-518.2916667,233.425,-233.425,69.34166665,-1062.425,-1626.041667,-1037.575,-1121.758333,-1011.825,-601.575
EV-34-CTLP,-578.7916667,-774.1916667,-827.8416667,-803.4416667,-792.6916667,-901.975,-741.2916667,224.425,124.1416667,434.4916667,93.20833335,122.475,187.725,-11.65833335,-2.90833335,-197.6916667,28.69166665,-182.8416667,-332.0583334,-200.1416667,-464.2916667,-322.2583334,-352.9416667,-327.575,-115.2916667,129.425,-129.425,-203.6583334,-970.425,-1340.041667,-1142.575,-1385.758333,-1124.825,-718.575
EV-34B-CTLP,241.3749999,67.30833285,25.99166685,-33.94166715,128.4749999,-135.1416665,150.5416669,195.9249995,-26.02499985,328.3250002,5.70833285,5.6416665,84.5583335,-192.8249999,-46.07499985,-107.8583332,60.52500015,-180.3416671,-446.5583339,-144.9750002,-590.7916671,-354.4249998,-308.4416672,-349.4083335,-165.1250001,162.5916665,-162.5916665,-256.8249999,-1047.591667,-1510.875,-1224.408334,-1596.925,-1301.991667,-938.0750005
LG-14-PLT,-1076.791667,-268.1916667,-125.8416667,-243.4416667,-5.69166665,-144.975,-247.2916667,-160.575,-312.8583334,-45.50833335,-67.79166665,-279.525,-65.275,-475.6583334,-511.9083334,-504.6916667,-210.3083334,-346.8416667,-708.0583334,-462.1416667,-381.2916667,228.7416667,241.0583334,-13.575,-7.29166665,-7.575,7.575,-108.6583334,-1416.425,-1525.041667,-988.575,-1160.758333,-489.825,-939.575
LG-36-CTLP,-911.7916667,-139.1916667,50.15833335,-178.4416667,96.30833335,229.025,-145.2916667,-7.575,-104.8583334,184.4916667,12.20833335,-147.525,-17.275,-394.6583334,-229.9083334,-402.6916667,-92.30833335,-307.8416667,-621.0583334,-371.1416667,-114.2916667,25.74166665,89.05833335,136.425,-81.29166665,76.425,-76.425,-17.65833335,-1085.425,-1441.041667,-986.575,-1262.758333,-1076.825,-617.575
LG-38-PLT,-128.2916667,-314.6916667,-63.34166665,-154.9416667,8.80833335,77.525,75.20833335,-137.075,-156.3583334,131.9916667,-18.29166665,-154.025,59.225,-388.1583334,-232.4083334,-309.1916667,-110.8083334,-432.3416667,-711.5583334,-420.6416667,-486.7916667,-185.7583334,-75.44166665,8.925,-205.7916667,-26.075,26.075,-383.1583334,-1274.925,-1771.541667,-2498.075,-2546.258333,-2595.325,-3729.075
LG-47-CTLP,-153.7916667,-148.1916667,20.15833335,-221.4416667,20.30833335,84.025,-162.2916667,-25.575,-266.8583334,124.4916667,-125.7916667,-51.525,-55.275,-359.6583334,-485.9083334,-376.6916667,7.69166665,-273.8416667,-630.0583334,-563.1416667,-414.2916667,42.74166665,96.05833335,143.425,-254.2916667,85.425,-85.425,-262.6583334,-1217.425,-1731.041667,-1496.575,-1446.758333,-1384.825,-1254.575
LG-5-PLT,-831.2916667,-99.69166665,69.65833335,-50.94166665,165.8083334,281.525,10.20833335,81.925,-121.3583334,243.9916667,97.70833335,93.975,89.225,-286.1583334,-95.40833335,-205.1916667,-24.80833335,-182.3416667,-700.5583334,-357.6416667,-329.7916667,-66.75833335,77.55833335,125.925,-107.7916667,84.925,-84.925,-35.15833335,-1090.925,-1439.541667,-1231.075,-1452.258333,-1579.325,-2990.075
LG-6-CTLP,-687.7916667,120.8083334,360.1583334,113.5583334,423.3083334,328.025,174.7083334,175.425,-13.85833335,111.4916667,70.20833335,5.475,-141.275,-351.6583334,-369.9083334,-242.6916667,-33.30833335,-82.84166665,-499.0583334,-321.1416667,-375.2916667,73.74166665,226.0583334,148.425,-117.2916667,217.425,-217.425,-184.6583334,-883.425,-1135.041667,-906.575,-1125.758333,-311.825,-423.575
LG-76-PLT,15.20833335,-6.19166665,151.1583334,-163.4416667,86.30833335,186.025,-103.2916667,130.425,-159.8583334,183.4916667,-36.79166665,-106.525,-12.275,-354.6583334,-422.9083334,-256.6916667,-40.30833335,-179.8416667,-630.0583334,-604.1416667,-435.2916667,-85.25833335,13.05833335,42.425,-264.2916667,41.425,-41.425,-366.6583334,-1302.425,-1564.041667,-998.575,-1545.758333,-1507.825,-1043.575
LG-82-CTLP,-889.4583332,38.80833385,168.1583339,55.89166685,406.9749999,311.6916665,195.0416669,83.7583335,-129.1916669,78.82500015,-28.12500015,-126.5249995,-77.9416665,-338.3249999,-161.5749999,-313.3583332,-207.3083329,-461.5083332,-622.3916669,-460.8083332,-367.6250002,74.74166715,175.0583339,115.7583335,-54.95833315,33.0916665,-33.0916665,-130.3249999,-673.7583335,-773.7083332,-630.5749995,-483.4249999,-443.8249995,-353.5749995
LP-36-CTLP,-958.2916667,-64.69166665,98.65833335,79.05833335,236.8083334,-142.475,233.2083334,103.925,55.64166665,201.9916667,-49.29166665,7.975,-39.775,-45.15833335,-165.4083334,-69.19166665,-116.8083334,-475.3416667,-553.5583334,-234.6416667,-438.7916667,-428.7583334,-507.4416667,-178.075,-395.7916667,65.925,-65.925,-241.1583334,-1409.925,-1436.541667,-1044.075,-1270.258333,-1195.325,-1157.075
LP-36B-CTLP,-1028.291667,-84.69166665,172.6583334,59.05833335,335.8083334,51.525,275.2083334,15.925,50.64166665,238.9916667,-38.29166665,-99.025,-121.775,13.84166665,-117.4083334,-150.1916667,-149.8083334,-422.3416667,-616.5583334,-544.6416667,-480.7916667,-410.7583334,-462.4416667,-253.075,-355.7916667,88.925,-88.925,-136.1583334,-1257.925,-1479.541667,-1147.075,-1468.258333,-1005.325,-943.075
LP-44-CTLP,-890.9583337,-49.69166665,75.32500035,142.0583334,248.4750004,-18.808333,249.8750004,85.258333,-56.69166635,234.9916667,28.70833335,116.975,-196.775,13.84166665,-245.0750004,-177.5249997,-71.14166635,-454.3416667,-480.5583334,-268.3083337,-565.4583337,-451.7583334,-476.7749997,-216.741667,-434.7916667,44.258333,-44.258333,-164.4916664,-1428.258333,-1582.208334,-1311.741667,-1383.591666,-902.325,-927.741667
LP-44B-CTLP,-781.7916667,32.80833335,149.1583334,162.5583334,324.3083334,163.025,346.7083334,193.425,-44.85833335,349.4916667,79.20833335,78.475,56.725,65.34166665,-160.9083334,-176.6916667,-6.30833335,-415.8416667,-449.0583334,-226.1416667,-559.2916667,-337.2583334,-387.9416667,-39.575,-375.2916667,-27.575,27.575,-192.6583334,-1278.425,-1479.041667,-1143.575,-1142.758333,-888.825,-756.575
LP-49-CTLP,-441.7916667,-15.19166665,132.1583334,151.5583334,290.3083334,107.025,310.7083334,247.425,49.14166665,301.4916667,81.20833335,159.475,-13.275,-104.6583334,-211.9083334,-72.69166665,-135.3083334,-466.8416667,-491.0583334,-241.1416667,-535.2916667,-274.2583334,-381.9416667,-107.575,-396.2916667,45.425,-45.425,-193.6583334,-1279.425,-1231.041667,-1056.575,-1144.758333,-910.825,-680.575
LP-49B-CTLP,-442.2916667,24.30833335,131.6583334,186.0583334,266.8083334,167.525,324.2083334,249.925,69.64166665,218.9916667,-30.29166665,256.975,-33.775,115.8416667,-238.4083334,-100.1916667,-86.80833335,-396.3416667,-481.5583334,-208.6416667,-479.7916667,-373.7583334,-352.4416667,-158.075,-502.7916667,56.925,-56.925,-92.15833335,-1325.925,-1225.541667,-1157.075,-1216.258333,-1036.325,-821.075
MC-19-CTLP,137.2083334,-144.1916667,-49.84166665,-165.4416667,161.3083334,9.025,81.70833335,-216.575,-57.85833335,231.4916667,-113.7916667,-132.525,131.725,-194.6583334,-238.9083334,-226.6916667,-137.3083334,-484.8416667,-662.0583334,-469.1416667,-354.2916667,-115.2583334,143.0583334,-0.575,-116.2916667,4.425,-4.425,-653.6583334,-1797.425,-2231.041667,-1582.575,-1501.758333,-1174.825,-764.575
MC-19B-CTLP,190.7083334,-54.69166665,128.6583334,23.05833335,330.8083334,180.525,41.20833335,75.925,263.6416667,334.9916667,79.70833335,21.975,197.225,-119.1583334,-50.40833335,-103.1916667,15.19166665,-329.3416667,-594.5583334,-399.6416667,-436.7916667,73.24166665,129.5583334,-5.075,-46.79166665,29.925,-29.925,-513.1583334,-1638.925,-1489.541667,-1282.075,-1354.258333,-1223.325,-595.075
MC-200-CTLP,569.7083334,87.30833335,90.65833335,106.0583334,339.8083334,331.525,157.2083334,50.925,-31.35833335,381.9916667,-78.29166665,123.975,-10.775,-41.15833335,-258.4083334,-137.1916667,-388.8083334,-456.3416667,-478.5583334,-363.6416667,-184.7916667,-217.7583334,-175.4416667,50.925,-251.7916667,115.925,-115.925,-120.1583334,-832.925,-776.5416667,-850.075,-1165.258333,-686.325,-789.075
MC-37-CTLP,281.7083334,-123.6916667,-81.34166665,-88.94166665,152.8083334,146.525,180.2083334,106.925,-45.35833335,328.9916667,-88.29166665,98.975,-120.775,-185.1583334,-100.4083334,-7.19166665,-240.8083334,-444.3416667,-376.5583334,-408.6416667,-473.7916667,-378.7583334,-280.4416667,-79.075,-308.7916667,44.925,-44.925,-406.1583334,-995.925,-636.5416667,-955.075,-1027.258333,-821.325,-971.075
MC-37B-CTLP,293.7083334,-102.6916667,-47.34166665,-123.9416667,136.8083334,61.525,47.20833335,79.925,-127.3583334,381.9916667,-94.29166665,22.975,-121.775,-248.1583334,-308.4083334,-121.1916667,-280.8083334,-493.3416667,-395.5583334,-461.6416667,-430.7916667,-355.7583334,-202.4416667,-129.075,-403.7916667,-8.075,8.075,-418.1583334,-1025.925,-958.5416667,-736.075,-1181.258333,-956.325,-908.075
NC-54-CTLP,194.7083334,72.30833335,139.6583334,198.0583334,279.8083334,144.525,80.20833335,172.925,5.64166665,208.9916667,-59.29166665,41.975,136.225,-38.15833335,-22.40833335,-259.1916667,175.1916667,26.65833335,-357.5583334,-366.6416667,-555.7916667,-355.7583334,-128.4416667,-135.075,-210.7916667,171.925,-171.925,-221.1583334,-1221.925,-1624.541667,-1225.075,-1384.258333,-1125.325,-1825.075
NC-54B-CTLP,256.2083334,34.80833335,-2.84166665,-41.44166665,172.3083334,148.025,-7.29166665,133.425,-82.85833335,274.4916667,-77.79166665,-36.525,-19.275,-179.6583334,-180.9083334,-202.6916667,124.6916667,9.15833335,-402.0583334,-405.1416667,-607.2916667,-415.2583334,-303.9416667,-297.575,-321.2916667,197.425,-197.425,-198.6583334,-1174.425,-1536.041667,-1335.575,-1463.758333,-1230.825,-1816.575
PC-82-CTLP,-75.45833315,-501.8583332,-540.1750002,-538.4416672,-448.3583332,-401.3083335,-504.2916671,461.4249995,165.1416662,706.1583332,152.8749999,280.1416665,90.0583335,10.67500015,-133.2416669,-20.02500015,-174.3083339,-154.5083332,-249.3916669,-245.4750002,-331.9583331,-361.9249998,-360.6083332,-176.2416665,-471.2916671,178.0916665,-178.0916665,-12.99166685,-849.7583335,-1062.708333,-807.9083335,-786.7583338,-1171.825001,-156.5750005
RB-0-CTLP,326.7083334,44.30833335,193.6583334,-25.94166665,306.8083334,295.525,74.20833335,88.925,37.64166665,274.9916667,85.70833335,-53.025,33.225,-55.15833335,-197.4083334,-149.1916667,-10.80833335,-260.3416667,-538.5583334,-472.6416667,-186.7916667,-135.7583334,-30.44166665,-68.075,-109.7916667,163.925,-163.925,-453.1583334,-1008.925,-1426.541667,-1130.075,-1490.258333,-1141.325,-1043.075
RB-1-PLT,72.70833335,25.30833335,282.6583334,121.0583334,340.8083334,-7.475,-157.7916667,-154.075,-233.3583334,-225.0083334,-139.2916667,-135.025,-77.775,-301.1583334,-467.4083334,-279.1916667,-112.8083334,-282.3416667,-759.5583334,-401.6416667,-340.7916667,-178.7583334,-33.44166665,-127.075,-77.79166665,56.925,-56.925,-7.15833335,-875.925,-1627.541667,-853.075,-1633.258333,-1581.325,-1057.075
RB-1-PLTb,645.2083334,417.8083334,508.1583334,442.5583334,622.3083334,501.025,353.7083334,283.425,31.14166665,441.4916667,269.2083334,253.475,210.725,80.34166665,-73.90833335,-70.69166665,142.6916667,-73.84166665,-546.0583334,-350.1416667,-450.2916667,-134.2583334,43.05833335,10.425,-131.2916667,274.425,-274.425,24.34166665,-876.425,-1112.041667,-1388.575,-1453.758333,-1249.825,-1905.575
RB-10-CTLP,319.2083334,190.8083334,242.1583334,76.55833335,285.3083334,345.025,108.7083334,141.425,-5.85833335,161.4916667,70.20833335,-178.525,-0.275,-344.6583334,-334.9083334,-292.6916667,20.69166665,-189.8416667,-502.0583334,-397.1416667,-366.2916667,-422.2583334,-352.9416667,-271.575,-282.2916667,80.425,-80.425,-146.6583334,-993.425,-1436.041667,-889.575,-1209.758333,-869.825,-1158.575
RB-12-PLT,284.2083334,146.8083334,286.1583334,276.5583334,437.3083334,78.025,-36.29166665,-73.575,-241.8583334,-239.5083334,-84.79166665,-342.525,-92.275,-286.6583334,-334.9083334,-624.6916667,-126.3083334,-357.8416667,-741.0583334,-486.1416667,-464.2916667,-268.2583334,-134.9416667,-165.575,-67.29166665,104.425,-104.425,-341.6583334,-894.425,-1137.041667,-395.575,-1328.758333,-877.825,-825.575
RB-15-PLT,395.2083334,253.8083334,417.1583334,278.5583334,488.3083334,392.025,466.7083334,368.425,164.1416667,413.4916667,293.2083334,370.475,174.725,117.3416667,87.09166665,58.30833335,198.6916667,-23.84166665,-450.0583334,-176.1416667,-75.29166665,-1.25833335,99.05833335,-130.575,-15.29166665,262.425,-262.425,-229.6583334,-1300.425,-1556.041667,-1785.575,-2036.758333,-1680.825,-2316.575
RB-2-CTLP,318.7083334,70.30833335,253.6583334,76.05833335,290.8083334,337.525,236.2083334,133.925,48.64166665,183.9916667,69.70833335,-99.025,-30.775,-119.1583334,-275.4083334,-417.1916667,-54.80833335,-238.3416667,-551.5583334,-405.6416667,-412.7916667,-283.7583334,-177.4416667,-106.075,-188.7916667,159.925,-159.925,-392.1583334,-1040.925,-1157.541667,-673.075,-1081.258333,-641.325,-548.075
RB-20-PLT,572.7083334,386.3083334,519.6583334,511.0583334,606.8083334,314.525,134.2083334,-98.075,-155.3583334,-151.0083334,-191.2916667,-465.025,-238.775,-351.1583334,-398.4083334,-400.1916667,-123.8083334,-429.3416667,-676.5583334,-634.6416667,-596.7916667,-411.7583334,-122.4416667,-134.075,-73.79166665,125.925,-125.925,95.84166665,-668.925,-771.5416667,-517.075,-1512.258333,-1620.325,-1403.075
RB-3-CTLP,334.7083334,93.30833335,277.6583334,163.0583334,305.8083334,111.525,24.20833335,-17.075,-288.3583334,170.9916667,-110.2916667,-273.025,-142.775,-364.1583334,-429.4083334,-334.1916667,-134.8083334,-329.3416667,-651.5583334,-549.6416667,-548.7916667,-298.7583334,-258.4416667,-45.075,-111.7916667,137.925,-137.925,7.84166665,-884.925,-979.5416667,-908.075,-1344.258333,-375.325,-553.075
RB-3-PLT,506.2083334,304.8083334,382.1583334,236.5583334,404.3083334,399.025,222.7083334,194.425,-64.85833335,381.4916667,123.2083334,157.475,73.725,-66.65833335,-215.9083334,-219.6916667,34.69166665,-150.8416667,-473.0583334,-430.1416667,-468.2916667,-237.2583334,-118.9416667,-110.575,-249.2916667,226.425,-226.425,-41.65833335,-812.425,-1308.041667,-1408.575,-1491.758333,-1253.825,-1887.575
RB-4-PLT,536.2083334,343.8083334,444.1583334,307.5583334,421.3083334,317.025,243.7083334,89.425,-10.85833335,235.4916667,47.20833335,74.475,-17.275,-138.6583334,-295.9083334,-282.6916667,-42.30833335,-232.8416667,-667.0583334,-582.1416667,-576.2916667,-206.2583334,-233.9416667,-81.575,-311.2916667,188.425,-188.425,-57.65833335,-813.425,-1274.041667,-1325.575,-1615.758333,-1429.825,-1992.575
RB-5-PLT,412.2083334,284.8083334,418.1583334,252.5583334,541.3083334,323.025,235.7083334,55.425,39.14166665,317.4916667,113.2083334,-38.525,65.725,-252.6583334,-179.9083334,-309.6916667,37.69166665,-177.8416667,-508.0583334,-453.1416667,-233.2916667,-94.25833335,7.05833335,-188.575,-36.29166665,127.425,-127.425,-105.6583334,-994.425,-1251.041667,-983.575,-1746.758333,-1588.825,-1117.575
RB-5-PLTb,553.2083334,305.8083334,452.1583334,234.5583334,470.3083334,450.025,329.7083334,233.425,106.1416667,498.4916667,230.2083334,280.475,157.725,7.34166665,-139.9083334,-166.6916667,70.69166665,-110.8416667,-519.0583334,-298.1416667,-208.2916667,-126.2583334,-60.94166665,-38.575,-234.2916667,293.425,-293.425,-51.65833335,-970.425,-1314.041667,-1409.575,-1466.758333,-1182.825,-1947.575
RB-6-PLT,569.7083334,384.3083334,454.6583334,348.0583334,489.8083334,398.525,245.2083334,123.925,-44.35833335,335.9916667,133.7083334,112.975,35.225,-11.15833335,-274.4083334,-271.1916667,-24.80833335,-216.3416667,-577.5583334,-556.6416667,-445.7916667,-222.7583334,-90.44166665,-123.075,-265.7916667,206.925,-206.925,-32.15833335,-828.925,-1214.541667,-1533.075,-1724.258333,-1553.325,-2098.075
RB-7-PLT,165.7083334,37.30833335,322.6583334,147.0583334,276.8083334,-46.475,-78.79166665,-116.075,-290.3583334,-223.0083334,-175.2916667,-329.025,-217.775,-340.1583334,-467.4083334,-314.1916667,-58.80833335,-269.3416667,-749.5583334,-445.6416667,-427.7916667,-185.7583334,50.55833335,-210.075,-170.7916667,69.925,-69.925,51.84166665,-759.925,-1236.541667,-878.075,-1323.258333,-1402.325,-981.075
RB-8-CTLP,260.2083334,29.80833335,297.1583334,-94.44166665,381.3083334,371.025,58.70833335,61.425,12.14166665,447.4916667,66.20833335,-95.525,-103.275,-102.6583334,-137.9083334,-112.6916667,-122.3083334,-267.8416667,-651.0583334,-598.1416667,-278.2916667,-160.2583334,-163.9416667,-85.575,-77.29166665,149.425,-149.425,38.34166665,-765.425,-1190.041667,-815.575,-1285.758333,-1090.825,-1346.575
RB-9-PLT,472.2083334,286.8083334,361.1583334,316.5583334,472.3083334,350.025,415.7083334,250.425,48.14166665,372.4916667,265.2083334,251.475,185.725,-111.6583334,-187.9083334,-234.6916667,152.6916667,-172.8416667,-579.0583334,-384.1416667,-330.2916667,-99.25833335,-57.94166665,-132.575,-45.29166665,201.425,-201.425,-176.6583334,-968.425,-1486.041667,-1777.575,-1858.758333,-1581.825,-2252.575
RP-0-CTLP,-509.7916667,-619.1916667,-583.8416667,-729.4416667,-570.6916667,-544.975,-534.2916667,173.425,14.14166665,237.4916667,105.2083334,108.475,80.725,-182.6583334,-269.9083334,-216.6916667,211.6916667,-130.8416667,-561.0583334,-475.1416667,-338.2916667,-334.2583334,-191.9416667,-161.575,-224.2916667,212.425,-212.425,-268.6583334,-1349.425,-1781.041667,-1470.575,-1563.758333,-1261.825,-1036.575
RP-0B-CTLP,-474.7916667,-602.1916667,-543.8416667,-661.4416667,-539.6916667,-465.975,-566.2916667,253.425,126.1416667,364.4916667,178.2083334,114.475,125.725,-175.6583334,-113.9083334,21.30833335,267.6916667,-32.84166665,-517.0583334,-407.1416667,-275.2916667,-47.25833335,-154.9416667,-144.575,-171.2916667,151.425,-151.425,-142.6583334,-1268.425,-1598.041667,-1412.575,-1490.758333,-1195.825,-986.575
RP-51-CTLP,19.70833335,55.30833335,193.6583334,-357.9416667,264.8083334,245.525,142.2083334,39.925,-12.35833335,166.9916667,72.70833335,-25.025,87.225,-94.15833335,-172.4083334,-72.19166665,202.1916667,-115.3416667,-499.5583334,-675.6416667,-283.7916667,-30.75833335,119.5583334,8.925,-134.7916667,74.925,-74.925,-231.1583334,-1542.925,-1968.541667,-1976.075,-1913.258333,-1333.325,-960.075
RP-51B-CTLP,102.2083334,13.80833335,245.1583334,-280.4416667,284.3083334,234.025,123.7083334,81.425,79.14166665,220.4916667,165.2083334,82.475,179.725,-156.6583334,-169.9083334,16.30833335,253.6916667,-56.84166665,-572.0583334,-431.1416667,-207.2916667,146.7416667,138.0583334,167.425,-22.29166665,194.425,-194.425,-289.6583334,-1628.425,-1915.041667,-1757.575,-1766.758333,-1051.825,-991.575
RS-11-PLT,-167.6250006,-171.2472227,128.6583334,-67.71944465,83.14166635,212.858333,60.20833335,73.036111,-32.02500035,31.32499965,153.1527774,174.308333,27.113889,-384.9361114,-368.7416674,-227.9694447,-39.58611135,-208.6750006,-576.3361114,-497.9750006,-491.0138886,34.57499965,97.66944435,-45.519445,-210.9027776,-6.186111,6.186111,-369.9361114,-1330.591667,-2094.430556,-3110.852778,-2768.480555,-2401.325,-2925.963889
RS-12-PLT,317.2083334,177.8083334,207.1583334,43.55833335,358.3083334,473.025,213.7083334,287.425,-11.85833335,304.4916667,178.2083334,212.475,288.725,-222.6583334,-243.9083334,-194.6916667,142.6916667,-176.8416667,-435.0583334,-358.1416667,-290.2916667,-44.25833335,-78.94166665,-168.575,-161.2916667,163.425,-163.425,-272.6583334,-1256.425,-1683.041667,-2260.575,-2498.758333,-2260.825,-2362.575
RS-3-CTLP,-4.62499965,-119.3583337,92.99166635,-148.9416667,180.1416664,182.858333,153.8750004,-69.741667,-168.6916664,38.65833365,13.04166635,-38.358333,13.891667,-382.4916664,-307.0750004,-168.5249997,30.85833365,-248.3416667,-775.8916664,-545.3083337,-584.4583337,-119.4250004,-144.1083337,-106.741667,-273.7916667,10.925,-10.925,-522.8250004,-1445.925,-1850.208334,-1518.741667,-1502.258333,-1282.325,-887.075
RS-6-CTLP,-45.29166665,-37.69166665,286.6583334,5.05833335,269.8083334,382.525,188.2083334,170.925,63.64166665,32.99166665,224.7083334,137.975,65.225,-342.1583334,-217.4083334,-228.1916667,12.19166665,-88.34166665,-588.5583334,-476.6416667,-474.7916667,-113.7583334,16.55833335,24.925,-123.7916667,132.925,-132.925,42.84166665,-1178.925,-1545.541667,-1246.075,-1275.258333,-712.325,-796.075
RS-6-PLT,-225.2916667,-247.6916667,30.65833335,-211.9416667,62.80833335,93.525,-38.79166665,10.925,-76.35833335,-3.00833335,11.70833335,53.975,-29.775,-387.1583334,-440.4083334,-329.1916667,5.19166665,-203.3416667,-716.5583334,-602.6416667,-428.7916667,-127.7583334,65.55833335,-6.075,-97.79166665,69.925,-69.925,-175.1583334,-1264.925,-1624.541667,-2228.075,-2748.258333,-2160.325,-2716.075
RS-8-CTLP,-1041.291667,-167.6916667,224.6583334,-5.94166665,126.8083334,178.525,90.20833335,15.925,-29.35833335,-27.00833335,73.70833335,90.975,105.225,-330.1583334,-340.4083334,-207.1916667,147.1916667,-47.34166665,-606.5583334,-579.6416667,-436.7916667,-4.75833335,-144.4416667,-292.075,-207.7916667,43.925,-43.925,-214.1583334,-1282.925,-1395.541667,-1046.075,-1325.258333,-606.325,-1005.075
SB-1-CTLP,-844.2916667,-357.6916667,-227.3416667,-108.9416667,-12.19166665,-175.475,64.20833335,53.925,-209.3583334,313.9916667,-212.2916667,-67.025,39.225,-114.1583334,-219.4083334,-171.1916667,-146.8083334,-351.3416667,-551.5583334,-455.6416667,-553.7916667,-487.7583334,-382.4416667,-252.075,-321.7916667,143.925,-143.925,2.84166665,-937.925,-1275.541667,-996.075,-1284.258333,-984.325,-659.075
SB-2-CTLP,-815.2916667,-345.6916667,-243.3416667,-96.94166665,9.80833335,-72.475,-23.79166665,130.925,-106.3583334,457.9916667,-116.2916667,48.975,62.225,-14.15833335,-208.4083334,-273.1916667,-108.8083334,-300.3416667,-550.5583334,-261.6416667,-534.7916667,-734.7583334,-437.4416667,-295.075,-320.7916667,226.925,-226.925,-22.15833335,-986.925,-1221.541667,-992.075,-1336.258333,-956.325,-625.075
SB-21-PLT,-666.2916667,-23.69166665,-153.3416667,-181.9416667,0.80833335,-108.475,106.2083334,109.925,-65.35833335,312.9916667,-20.29166665,29.975,56.225,-148.1583334,-280.4083334,-162.1916667,-30.80833335,-302.3416667,-501.5583334,-349.6416667,-605.7916667,-525.7583334,-436.4416667,-367.075,-567.7916667,154.925,-154.925,-106.1583334,-1261.925,-1766.541667,-1662.075,-1805.258333,-1943.325,-1292.075
SB-22-PLT,-352.1249996,-103.8583327,-205.5083326,-190.1083327,10.64166735,-305.641666,74.37500035,39.758334,-169.5249994,182.8250007,12.87500035,120.141667,78.058334,-57.32499935,-183.5749993,-106.0249997,26.02500065,-331.1749996,-506.3916663,-291.4749997,-519.2916667,-339.5916663,-395.6083327,-321.908333,-408.6249996,73.425,-73.425,-167.3249994,-1326.758333,-1754.708333,-1696.908333,-1746.758333,-1751.158333,-1237.575
SB-3-CTLP,-1362.291667,-1078.691667,-999.3416667,-883.9416667,-844.1916667,-895.475,-893.7916667,146.925,112.6416667,561.9916667,-79.29166665,140.975,167.225,9.84166665,-71.40833335,-40.19166665,-6.80833335,-103.3416667,-506.5583334,-129.6416667,-465.7916667,-485.7583334,-271.4416667,-316.075,-170.7916667,189.925,-189.925,161.8416667,-877.925,-944.5416667,-926.075,-1131.258333,-709.325,-409.075
SB-6-PLT,-23.29166665,-48.69166665,-188.3416667,-212.9416667,-9.19166665,56.525,97.20833335,311.925,120.6416667,525.9916667,40.70833335,233.975,245.225,54.84166665,-105.4083334,-24.19166665,102.1916667,-160.3416667,-205.5583334,-175.6416667,-323.7916667,-192.7583334,-277.4416667,-213.075,-430.7916667,250.925,-250.925,-37.15833335,-954.925,-1419.541667,-1420.075,-1487.258333,-1573.325,-944.075
SC-10-CTLP,504.2083334,243.8083334,370.1583334,286.5583334,495.3083334,496.025,430.7083334,438.425,304.1416667,601.4916667,317.2083334,359.475,272.725,-28.65833335,-20.90833335,66.30833335,296.6916667,-7.84166665,-379.0583334,-340.1416667,-281.2916667,13.74166665,201.0583334,16.425,3.70833335,249.425,-249.425,86.34166665,-761.425,-1029.041667,-804.575,-1125.758333,-747.825,-370.575
SC-10B-CTLP,379.2083334,193.8083334,298.1583334,172.5583334,467.3083334,323.025,362.7083334,331.425,260.1416667,509.4916667,338.2083334,305.475,332.725,56.34166665,67.09166665,0.30833335,240.6916667,-20.84166665,-556.0583334,-280.1416667,-342.2916667,120.7416667,341.0583334,25.425,83.70833335,191.425,-191.425,-160.6583334,-853.425,-1376.041667,-907.575,-1155.758333,-1119.825,-630.575
SC-13-CTLP,-565.2916667,-697.6916667,-576.3416667,-763.9416667,-634.1916667,-530.475,-580.7916667,37.925,-239.3583334,186.9916667,-141.2916667,-117.025,-211.775,-409.1583334,-440.4083334,-346.1916667,-100.8083334,-204.3416667,-570.5583334,-690.6416667,-489.7916667,-347.7583334,-55.44166665,-193.075,-259.7916667,161.925,-161.925,88.84166665,-708.925,-1261.541667,-902.075,-1156.258333,-829.325,-532.075
SC-13B-CTLP,-649.7916667,-809.1916667,-765.8416667,-916.4416667,-757.6916667,-640.975,-711.2916667,-81.575,-313.8583334,207.4916667,-160.7916667,-69.525,-183.275,-289.6583334,-392.9083334,-373.6916667,-168.3083334,-251.8416667,-589.0583334,-716.1416667,-516.2916667,-253.2583334,24.05833335,-151.575,-183.2916667,94.425,-94.425,150.3416667,-461.425,-987.0416667,-541.575,-744.7583334,-568.825,-263.575
SC-48-CTLP,-591.7916667,-746.1916667,-782.8416667,-920.4416667,-753.6916667,-632.975,-783.2916667,-91.575,-402.8583334,211.4916667,-241.7916667,-189.525,-184.275,-254.6583334,-394.9083334,-518.6916667,-151.3083334,-304.8416667,-654.0583334,-742.1416667,-517.2916667,-165.2583334,-127.9416667,-273.575,-279.2916667,95.425,-95.425,205.3416667,-678.425,-1129.041667,-709.575,-1037.758333,-806.825,-573.575
SC-48B-CTLP,-833.2916667,-221.6916667,-92.34166665,-275.9416667,-34.19166665,97.525,107.2083334,-32.075,-192.3583334,208.9916667,51.70833335,81.975,-41.775,-216.1583334,-259.4083334,-318.1916667,-100.8083334,-251.3416667,-629.5583334,-524.6416667,-427.7916667,210.2416667,120.5583334,-284.075,-17.79166665,176.925,-176.925,-443.1583334,-632.925,-1084.541667,-700.075,-1059.258333,-618.325,-466.075
SO-12-PLT,-833.2916667,-221.6916667,-92.34166665,-275.9416667,-34.19166665,97.525,107.2083334,-32.075,-192.3583334,208.9916667,51.70833335,81.975,-41.775,-216.1583334,-259.4083334,-318.1916667,-100.8083334,-251.3416667,-629.5583334,-524.6416667,-427.7916667,210.2416667,120.5583334,-284.075,-17.79166665,176.925,-176.925,-443.1583334,-632.925,-1084.541667,-700.075,-1059.258333,-618.325,-466.075
SO-13-PLT,-1185.291667,-947.6916667,-1168.341667,-1107.941667,-975.1916667,-1104.475,-967.7916667,-0.075,-187.3583334,156.9916667,-161.2916667,-134.025,84.225,-27.15833335,-79.40833335,-253.1916667,-246.8083334,-349.3416667,-477.5583334,-362.6416667,-683.7916667,-654.7583334,-558.4416667,-373.075,-472.7916667,146.925,-146.925,-38.15833335,-707.925,-1111.541667,-812.075,-873.2583334,-1061.325,-379.075
SO-16-CTLP,-1364.791667,-870.1916667,-945.8416667,-951.4416667,-847.6916667,-937.975,-888.2916667,177.425,63.14166665,336.4916667,-63.79166665,123.475,142.725,-108.6583334,-267.9083334,-208.6916667,-313.3083334,-327.8416667,-664.0583334,-340.1416667,-611.2916667,-511.2583334,-488.9416667,-434.575,-523.2916667,176.425,-176.425,-39.65833335,-793.425,-1065.041667,-736.575,-905.7583334,-852.825,-772.575
SO-20-CTLP,-640.7916667,246.8083334,144.1583334,112.5583334,320.3083334,208.025,255.7083334,352.425,256.1416667,460.4916667,101.2083334,422.475,238.725,-116.6583334,-195.9083334,-296.6916667,-270.3083334,-465.8416667,-551.0583334,-211.1416667,-556.2916667,-480.2583334,-451.9416667,-266.575,-446.2916667,175.425,-175.425,-89.65833335,-778.425,-1220.041667,-703.575,-1024.758333,-845.825,-746.575
SO-3-PLT,-443.7916667,106.8083334,-156.8416667,-195.4416667,-44.69166665,-155.975,15.70833335,-119.575,-238.8583334,121.4916667,-199.7916667,-127.525,95.725,-18.65833335,-292.9083334,-294.6916667,-408.3083334,-467.8416667,-530.0583334,-441.1416667,-901.2916667,-654.2583334,-700.9416667,-454.575,-411.2916667,121.425,-121.425,-132.6583334,-760.425,-986.0416667,-756.575,-841.7583334,-767.825,-229.575
SO-8-CTLP,-427.7916667,387.8083334,156.1583334,327.5583334,472.3083334,356.025,518.7083334,549.425,503.1416667,653.4916667,280.2083334,582.475,377.725,102.3416667,-88.90833335,-32.69166665,-108.3083334,-302.8416667,-428.0583334,-187.1416667,-551.2916667,-506.2583334,-374.9416667,-319.575,-420.2916667,152.425,-152.425,-18.65833335,-916.425,-1288.041667,-829.575,-1032.758333,-873.825,-609.575
TC-16-CTLP,316.7083334,145.3083334,196.6583334,197.0583334,416.8083334,350.525,471.2083334,161.925,177.6416667,204.9916667,239.7083334,142.975,219.225,94.84166665,26.59166665,-44.19166665,138.1916667,-231.3416667,-605.5583334,-169.6416667,45.20833335,94.24166665,105.5583334,81.925,16.20833335,130.925,-130.925,-416.1583334,-1782.925,-1935.541667,-1624.075,-1143.258333,-839.325,-772.075
TC-16B-CTLP,249.7083334,-87.69166665,103.6583334,14.05833335,248.8083334,359.525,244.2083334,9.925,-37.35833335,121.9916667,152.7083334,83.975,103.225,44.84166665,-154.4083334,-107.1916667,-7.80833335,-291.3416667,-641.5583334,-324.6416667,-322.7916667,-139.7583334,-103.4416667,-162.075,-153.7916667,116.925,-116.925,-494.1583334,-1881.925,-2122.541667,-1717.075,-1687.258333,-1154.325,-931.075
TC-201-CTLP,226.7083334,69.30833335,176.6583334,141.0583334,440.8083334,337.525,311.2083334,148.925,14.64166665,257.9916667,212.7083334,251.975,385.225,67.84166665,-133.4083334,-3.19166665,118.1916667,-251.3416667,-368.5583334,-175.6416667,-238.7916667,253.2416667,307.5583334,188.925,156.2083334,-50.075,50.075,-47.15833335,-1298.925,-1578.541667,-1043.075,-1100.258333,-420.325,-719.075
TC-201B-CTLP,300.2083334,-19.19166665,63.15833335,7.55833335,275.3083334,265.025,307.7083334,94.425,49.14166665,257.4916667,144.2083334,63.475,103.725,-5.65833335,-211.9083334,-222.6916667,-41.30833335,-282.8416667,-494.0583334,-286.1416667,-267.2916667,-20.25833335,90.05833335,-92.575,-227.2916667,54.425,-54.425,-491.6583334,-1477.425,-1780.041667,-1252.575,-1134.758333,-887.825,-642.575
TC-21-CTLP,339.7083334,55.30833335,198.6583334,56.05833335,275.8083334,235.525,327.2083334,238.925,48.64166665,376.9916667,150.7083334,193.975,154.225,8.84166665,-124.4083334,-146.1916667,-60.80833335,-292.3416667,-660.5583334,-354.6416667,-595.7916667,-70.75833335,-21.44166665,-91.075,-90.79166665,38.925,-38.925,-52.15833335,-1151.925,-1602.541667,-1552.075,-1541.258333,-1137.325,-969.075
TC-21B-CTLP,327.5416669,78.14166685,181.1583329,63.89166685,274.3083329,226.0249995,237.3749999,140.0916665,56.80833315,382.8250002,80.54166685,135.8083335,184.3916665,-125.9916669,-52.24166685,-97.69166715,-119.9749999,-388.1750002,-669.3916669,-369.1416672,-570.2916671,-113.5916668,-65.94166715,-161.2416665,-252.6250001,53.7583335,-53.7583335,-207.3249999,-1384.758334,-1745.375,-1441.575001,-1522.758334,-1369.158334,-954.5750005
WP-1-CTLP,-30.79166665,-67.19166665,23.15833335,35.55833335,171.3083334,41.025,55.70833335,57.425,-22.85833335,227.4916667,40.20833335,-14.525,27.725,-45.65833335,-219.9083334,-232.6916667,29.69166665,-78.84166665,-550.0583334,-362.1416667,-226.2916667,-5.25833335,-62.94166665,149.425,-111.2916667,199.425,-199.425,-385.6583334,-1104.425,-1392.041667,-1435.575,-1067.758333,-619.825,-600.575
WP-3-CTLP,-405.7916667,51.80833335,81.15833335,138.5583334,384.3083334,275.025,69.70833335,211.425,61.14166665,339.4916667,146.2083334,139.475,74.725,-124.6583334,-119.9083334,-71.69166665,98.69166665,8.15833335,-370.0583334,-274.1416667,-139.2916667,-24.25833335,306.0583334,198.425,-94.29166665,238.425,-238.425,-269.6583334,-1082.425,-1426.041667,-1033.575,-1195.758333,-811.825,-572.575
WP-9-CTLP,-1.29166665,-34.69166665,91.65833335,25.05833335,126.8083334,81.525,-52.79166665,101.925,7.64166665,318.9916667,-15.29166665,62.975,-27.775,-122.1583334,-323.4083334,-188.1916667,53.19166665,-132.3416667,-521.5583334,-261.6416667,-330.7916667,-108.7583334,10.55833335,-113.075,-286.7916667,134.925,-134.925,-412.1583334,-1139.925,-1583.541667,-1056.075,-1270.258333,-789.325,-552.075
WY-10-CTLP,26.20833335,-44.19166665,191.1583334,-57.44166665,226.3083334,173.025,32.70833335,92.425,19.14166665,338.4916667,157.2083334,117.475,79.725,-314.6583334,-109.9083334,-205.6916667,76.69166665,-106.8416667,-611.0583334,-594.1416667,-239.2916667,420.7416667,434.0583334,499.425,4.70833335,23.425,-23.425,-71.65833335,-973.425,-1544.041667,-733.575,-992.7583334,-344.825,-452.575
WY-12-CTLP,-37.29166665,-53.69166665,183.6583334,-137.9416667,150.8083334,59.525,63.20833335,-16.075,-64.35833335,277.9916667,91.70833335,-52.025,57.225,-448.1583334,-369.4083334,-94.19166665,99.19166665,-53.34166665,-649.5583334,-526.6416667,-345.7916667,219.2416667,365.5583334,116.925,-107.7916667,-110.075,110.075,-40.15833335,-1100.925,-1551.541667,-1087.075,-1196.258333,-582.325,-952.075
WY-15-CTLP,63.70833335,-21.69166665,282.6583334,-56.94166665,223.8083334,192.525,70.20833335,55.925,-44.35833335,256.9916667,229.7083334,-23.025,113.225,-348.1583334,-134.4083334,-90.19166665,78.19166665,-52.34166665,-700.5583334,-441.6416667,-234.7916667,351.2416667,446.5583334,365.925,-34.79166665,13.925,-13.925,-74.15833335,-914.925,-1371.541667,-546.075,-669.2583334,-191.325,-513.075
WY-2-CTLP,-77.79166665,-67.19166665,200.1583334,-133.4416667,190.3083334,91.025,-40.29166665,40.425,-45.85833335,217.4916667,145.2083334,-51.525,36.725,-446.6583334,-169.9083334,-187.6916667,-88.30833335,-131.8416667,-697.0583334,-643.1416667,-383.2916667,357.7416667,369.0583334,108.425,-54.29166665,-108.575,108.575,-285.6583334,-1089.425,-1537.041667,-874.575,-827.7583334,-407.825,-738.575
WY-7-CTLP,6.70833335,-29.69166665,146.6583334,-68.94166665,176.8083334,186.525,52.20833335,41.925,-86.35833335,283.9916667,20.70833335,-20.025,-61.775,-474.1583334,-340.4083334,-257.1916667,-14.80833335,-185.3416667,-703.5583334,-605.6416667,-400.7916667,201.2416667,347.5583334,175.925,-185.7916667,43.925,-43.925,-64.15833335,-951.925,-1656.541667,-779.075,-743.2583334,-434.325,-538.075
